event_id,station_id,p_arrival,polarity,onset_time,end_time,peak_amplitude,peak_time,pulse_area
20161110030629.440,5B.1107,5.006181,positive,1.176000001586914,5.033473,0.013609598,1.188000002319336,0.0005088126164353852
20161110030629.440,5B.1108,,,,5.032081,,,
